[{
  "_id": {
    "$oid": "646fb8615a9735d2409f49c5"
  },
  "title": "1",
  "updatedAt": {
    "$date": {
      "$numberLong": "1685052350388"
    }
  }
},{
  "_id": {
    "$oid": "646fb8785a9735d2409f49c6"
  },
  "title": "2",
  "updatedAt": {
    "$date": {
      "$numberLong": "1685052378803"
    }
  }
},{
  "_id": {
    "$oid": "646fb88d5a9735d2409f49c7"
  },
  "title": "3",
  "updatedAt": {
    "$date": {
      "$numberLong": "1685052386648"
    }
  }
},{
  "_id": {
    "$oid": "646fb89c5a9735d2409f49c8"
  },
  "title": "4",
  "updatedAt": {
    "$date": {
      "$numberLong": "1685052391742"
    }
  }
}]