[{
  "_id": {
    "$oid": "646fb99a5a9735d2409f49ca"
  },
  "title": 107,
  "updatedAt": {
    "$date": {
      "$numberLong": "1685052701308"
    }
  }
},{
  "_id": {
    "$oid": "646fb9ba5a9735d2409f49cb"
  },
  "title": 101,
  "updatedAt": {
    "$date": {
      "$numberLong": "1685052731827"
    }
  }
},{
  "_id": {
    "$oid": "646fb9c15a9735d2409f49cc"
  },
  "title": 102,
  "updatedAt": {
    "$date": {
      "$numberLong": "1685052723634"
    }
  }
},{
  "_id": {
    "$oid": "646fb9c95a9735d2409f49cd"
  },
  "title": 103,
  "updatedAt": {
    "$date": {
      "$numberLong": "1685052715672"
    }
  }
},{
  "_id": {
    "$oid": "646fdd247450235706c5390e"
  },
  "title": 104,
  "createdAt": {
    "$date": {
      "$numberLong": "1685052708433"
    }
  },
  "updatedAt": {
    "$date": {
      "$numberLong": "1685052708433"
    }
  },
  "__v": 0
}]