[{
  "_id": {
    "$oid": "646fb9fd5a9735d2409f49d1"
  },
  "title": 327,
  "stage": {
    "$oid": "646fba975a9735d2409f49da"
  },
  "updatedAt": {
    "$date": {
      "$numberLong": "1685053686621"
    }
  },
  "students": [],
  "status": false
},{
  "_id": {
    "$oid": "646fba085a9735d2409f49d2"
  },
  "title": 329,
  "stage": {
    "$oid": "646fba975a9735d2409f49da"
  },
  "updatedAt": {
    "$date": {
      "$numberLong": "1685053690254"
    }
  },
  "students": [],
  "status": false
},{
  "_id": {
    "$oid": "646fba115a9735d2409f49d3"
  },
  "title": 227,
  "stage": {
    "$oid": "646fba975a9735d2409f49da"
  },
  "updatedAt": {
    "$date": {
      "$numberLong": "1685053693686"
    }
  },
  "students": [
    "646fbc348515fb6a626397f9",
    "646fddee7450235706c5393c"
  ],
  "status": true
},{
  "_id": {
    "$oid": "646fba185a9735d2409f49d4"
  },
  "title": 228,
  "stage": {
    "$oid": "646fba975a9735d2409f49da"
  },
  "updatedAt": {
    "$date": {
      "$numberLong": "1685053699284"
    }
  },
  "students": [],
  "status": false
}]