[{
  "_id": {
    "$oid": "646fba975a9735d2409f49da"
  },
  "title": 1,
  "updatedAt": {
    "$date": {
      "$numberLong": "1685051472865"
    }
  }
},{
  "_id": {
    "$oid": "646fbaad5a9735d2409f49db"
  },
  "title": "2"
},{
  "_id": {
    "$oid": "646fbab35a9735d2409f49dc"
  },
  "title": "3"
},{
  "_id": {
    "$oid": "646fcaa2064b0d10a2aad5de"
  },
  "title": 4,
  "rooms": [],
  "createdAt": {
    "$date": {
      "$numberLong": "1685047970371"
    }
  },
  "updatedAt": {
    "$date": {
      "$numberLong": "1685047970371"
    }
  },
  "__v": 0
}]